{"cameraMode":{"drawMode":0,"name":"Shaded","section":"Shading Mode"},"sceneLighting":true,"audioPlay":false,"sceneViewState":{"m_AlwaysRefresh":false,"showFog":true,"showSkybox":true,"showFlares":true,"showImageEffects":true,"showParticleSystems":true,"showVisualEffectGraphs":true,"m_FxEnabled":true},"in2DMode":false,"pivot":{"x":0.13293829560279847,"y":2.637951374053955,"z":8.626687049865723},"rotation":{"x":0.011690202169120312,"y":-0.0024021624121814968,"z":-0.000027544967451831326,"w":-0.9999294877052307},"size":7.160469055175781,"orthographic":false}